-- phpMyAdmin SQL Dump
-- version 4.8.4
-- https://www.phpmyadmin.net/
--
-- Host: 127.0.0.1
-- Generation Time: Feb 27, 2020 at 07:40 PM
-- Server version: 10.1.37-MariaDB
-- PHP Version: 7.3.1

SET SQL_MODE = "NO_AUTO_VALUE_ON_ZERO";
SET AUTOCOMMIT = 0;
START TRANSACTION;
SET time_zone = "+00:00";


/*!40101 SET @OLD_CHARACTER_SET_CLIENT=@@CHARACTER_SET_CLIENT */;
/*!40101 SET @OLD_CHARACTER_SET_RESULTS=@@CHARACTER_SET_RESULTS */;
/*!40101 SET @OLD_COLLATION_CONNECTION=@@COLLATION_CONNECTION */;
/*!40101 SET NAMES utf8mb4 */;

--
-- Database: `restful-api`
--

-- --------------------------------------------------------

--
-- Table structure for table `failed_jobs`
--

CREATE TABLE `failed_jobs` (
  `id` bigint(20) UNSIGNED NOT NULL,
  `connection` text COLLATE utf8mb4_unicode_ci NOT NULL,
  `queue` text COLLATE utf8mb4_unicode_ci NOT NULL,
  `payload` longtext COLLATE utf8mb4_unicode_ci NOT NULL,
  `exception` longtext COLLATE utf8mb4_unicode_ci NOT NULL,
  `failed_at` timestamp NOT NULL DEFAULT CURRENT_TIMESTAMP
) ENGINE=InnoDB DEFAULT CHARSET=utf8mb4 COLLATE=utf8mb4_unicode_ci;

-- --------------------------------------------------------

--
-- Table structure for table `migrations`
--

CREATE TABLE `migrations` (
  `id` int(10) UNSIGNED NOT NULL,
  `migration` varchar(191) COLLATE utf8mb4_unicode_ci NOT NULL,
  `batch` int(11) NOT NULL
) ENGINE=InnoDB DEFAULT CHARSET=utf8mb4 COLLATE=utf8mb4_unicode_ci;

--
-- Dumping data for table `migrations`
--

INSERT INTO `migrations` (`id`, `migration`, `batch`) VALUES
(7, '2014_10_12_000000_create_users_table', 1),
(8, '2014_10_12_100000_create_password_resets_table', 1),
(9, '2019_08_19_000000_create_failed_jobs_table', 1),
(10, '2020_01_27_095503_create_products_table', 1),
(11, '2020_01_27_095605_create_reviews_table', 1),
(12, '2020_01_27_100051_create_registers_table', 1);

-- --------------------------------------------------------

--
-- Table structure for table `password_resets`
--

CREATE TABLE `password_resets` (
  `email` varchar(191) COLLATE utf8mb4_unicode_ci NOT NULL,
  `token` varchar(191) COLLATE utf8mb4_unicode_ci NOT NULL,
  `created_at` timestamp NULL DEFAULT NULL
) ENGINE=InnoDB DEFAULT CHARSET=utf8mb4 COLLATE=utf8mb4_unicode_ci;

-- --------------------------------------------------------

--
-- Table structure for table `products`
--

CREATE TABLE `products` (
  `id` bigint(20) UNSIGNED NOT NULL,
  `name` varchar(191) COLLATE utf8mb4_unicode_ci NOT NULL,
  `details` text COLLATE utf8mb4_unicode_ci NOT NULL,
  `price` int(11) NOT NULL,
  `stack` int(11) NOT NULL,
  `discount` int(11) NOT NULL,
  `created_at` timestamp NULL DEFAULT NULL,
  `updated_at` timestamp NULL DEFAULT NULL
) ENGINE=InnoDB DEFAULT CHARSET=utf8mb4 COLLATE=utf8mb4_unicode_ci;

--
-- Dumping data for table `products`
--

INSERT INTO `products` (`id`, `name`, `details`, `price`, `stack`, `discount`, `created_at`, `updated_at`) VALUES
(1, 'architecto', 'Odio neque quae sapiente ipsa amet blanditiis amet. Et et vel atque fugit commodi nemo. Porro iure aliquid earum veritatis possimus. Veniam quas maxime explicabo nihil sed. Porro laboriosam earum exercitationem laborum rerum eaque id.', 3219, 8, 19, '2020-01-27 05:53:41', '2020-01-27 05:53:41'),
(2, 'necessitatibus', 'Sed iste tenetur labore id harum nihil qui. Suscipit dolor dolores quia voluptatem dolorem.', 418, 0, 9, '2020-01-27 05:53:41', '2020-01-27 05:53:41'),
(3, 'sit', 'Dolor in reprehenderit laudantium rem. Vel ut eos vitae reprehenderit et. Aliquid consequatur totam est non quidem repellat molestiae. Officia et exercitationem distinctio voluptatem excepturi atque vitae.', 2754, 1, 22, '2020-01-27 05:53:41', '2020-01-27 05:53:41'),
(4, 'voluptatem', 'Ut voluptatem accusamus fuga molestias vel perspiciatis similique. Optio molestiae et ut sed ipsa. Voluptate a harum dolorem molestiae.', 1052, 4, 5, '2020-01-27 05:53:42', '2020-01-27 05:53:42'),
(5, 'repellendus', 'Quis et et dolore hic. Aut soluta et ut cupiditate rerum ipsam. Quia adipisci beatae voluptatem commodi qui voluptatem quos. Quaerat eveniet nam placeat expedita possimus.', 1986, 2, 16, '2020-01-27 05:53:42', '2020-01-27 05:53:42'),
(6, 'non', 'Porro laboriosam ducimus perspiciatis corporis rerum dolores. Iure explicabo officiis ut et cupiditate. Assumenda fuga qui aspernatur eum.', 1625, 0, 27, '2020-01-27 05:53:42', '2020-01-27 05:53:42'),
(7, 'eum', 'Voluptate necessitatibus quo nisi saepe atque ea labore. Ducimus inventore voluptate aut voluptatem. Ea est voluptatem dolores nobis id maiores vel soluta. Autem explicabo rerum quia voluptatum enim.', 3469, 4, 15, '2020-01-27 05:53:42', '2020-01-27 05:53:42'),
(8, 'sed', 'Dolor vel velit accusamus natus. Nesciunt corrupti saepe et velit. Veniam eaque ut eum quis fugiat ad. Veritatis expedita velit magnam ut.', 1622, 3, 29, '2020-01-27 05:53:42', '2020-01-27 05:53:42'),
(9, 'nobis', 'Magni sit est ea quas natus id amet. Quo neque eveniet omnis harum reiciendis pariatur assumenda. Quis ducimus repellendus possimus reprehenderit reiciendis. Harum deserunt aspernatur molestias culpa est sit atque. Consequatur mollitia dicta placeat nulla perferendis velit fugiat ab.', 1180, 0, 4, '2020-01-27 05:53:42', '2020-01-27 05:53:42'),
(10, 'rerum', 'Officiis vel unde accusantium hic. Ratione quidem dolore quaerat quia dolor impedit. Esse aut accusantium sequi esse et sed vero sed. Eos dolores recusandae vero repellat minima quia explicabo.', 2331, 7, 18, '2020-01-27 05:53:42', '2020-01-27 05:53:42'),
(11, 'illum', 'Et atque neque explicabo et. Voluptas temporibus dolorem cumque minima. Blanditiis tempore eos sunt voluptatem illo. Porro rerum facere inventore quae dolor unde.', 985, 7, 23, '2020-01-27 05:53:42', '2020-01-27 05:53:42'),
(12, 'eum', 'Eius inventore amet illo provident illo architecto doloribus. Et sapiente enim voluptas. Tempora rerum ipsa est ea sit praesentium suscipit. Ut voluptatem rerum deleniti asperiores ea harum sunt.', 3178, 8, 16, '2020-01-27 05:53:42', '2020-01-27 05:53:42'),
(13, 'aut', 'Autem officiis harum voluptatum architecto. Temporibus totam omnis sit ducimus. Asperiores incidunt non est necessitatibus harum. Cum fugit nihil qui commodi et.', 3910, 8, 2, '2020-01-27 05:53:42', '2020-01-27 05:53:42'),
(14, 'esse', 'Est atque odio quia ipsum voluptate minus laboriosam. Tempore itaque dolorum error nisi alias eum sapiente.', 2165, 0, 20, '2020-01-27 05:53:42', '2020-01-27 05:53:42'),
(15, 'eos', 'Quo aut architecto eum aliquid illo. Minima rerum qui qui enim. Nulla modi facere cumque exercitationem.', 1657, 8, 8, '2020-01-27 05:53:42', '2020-01-27 05:53:42'),
(16, 'iusto', 'Praesentium corrupti vel quia facilis et repellat aspernatur. Ut ut ut officiis. Aut aut qui et voluptas iusto. Rerum est exercitationem est ab officiis quia. Earum odio corporis autem molestiae ipsa.', 3534, 6, 16, '2020-01-27 05:53:42', '2020-01-27 05:53:42'),
(17, 'hic', 'Aut quisquam sit occaecati quo. Excepturi qui iure harum laudantium dolores nulla voluptas. Accusamus odio vel omnis asperiores et doloremque odio. Laudantium quidem voluptatum amet eligendi officiis expedita. Atque blanditiis ducimus ad quo.', 927, 4, 15, '2020-01-27 05:53:42', '2020-01-27 05:53:42'),
(18, 'adipisci', 'Facere non illo vero ut dolor ut ea facilis. Facilis ut autem earum nisi et qui. Ut id sed inventore nam. Debitis occaecati praesentium expedita nihil.', 2425, 0, 29, '2020-01-27 05:53:42', '2020-01-27 05:53:42'),
(19, 'perferendis', 'Fuga aspernatur consequatur autem. Provident blanditiis dolorem molestiae vero assumenda sit libero. Nesciunt et dignissimos nulla enim.', 747, 5, 8, '2020-01-27 05:53:42', '2020-01-27 05:53:42'),
(20, 'et', 'Maiores inventore alias ratione eos modi cum quisquam. Enim reprehenderit sed libero nesciunt consequatur ipsum asperiores. Non harum id eos. Delectus sit repellat non quo velit qui.', 3459, 1, 30, '2020-01-27 05:53:42', '2020-01-27 05:53:42'),
(21, 'illum', 'Fugiat ea dolorum at vel quasi in. Et officiis in soluta nisi ab. Omnis ut consequuntur molestias dolor amet. Voluptas asperiores magni iure vel totam sunt.', 1810, 8, 28, '2020-01-27 05:53:42', '2020-01-27 05:53:42'),
(22, 'quas', 'Consequuntur sunt facilis nostrum in consequuntur assumenda. Numquam maxime eligendi consequatur id tenetur ut recusandae sunt. Asperiores delectus incidunt optio et odio velit nulla aspernatur. Impedit sit optio placeat non qui.', 2737, 9, 12, '2020-01-27 05:53:42', '2020-01-27 05:53:42'),
(23, 'quis', 'Voluptatem in modi veritatis aut ut saepe. Cupiditate voluptatem perspiciatis explicabo aliquid libero rerum. Ipsam impedit quia aperiam nemo. Voluptatem et ut ut et labore.', 640, 5, 28, '2020-01-27 05:53:42', '2020-01-27 05:53:42'),
(24, 'aut', 'Ducimus totam commodi vel doloribus. Ipsam est voluptatem maiores quas aliquid. Autem est rerum eveniet ut explicabo ratione quo. Sint dolorem nihil qui optio assumenda quasi.', 1136, 3, 8, '2020-01-27 05:53:42', '2020-01-27 05:53:42'),
(25, 'et', 'Eaque consequatur in nulla odit veritatis rerum. Quam voluptatem est quas quia maxime. Repellat id eaque odio totam tenetur.', 3582, 2, 25, '2020-01-27 05:53:42', '2020-01-27 05:53:42'),
(26, 'repellat', 'Eius sit amet qui est. Reprehenderit officia qui aliquid. Minima et est reiciendis minima.', 2551, 8, 12, '2020-01-27 05:53:42', '2020-01-27 05:53:42'),
(27, 'quia', 'Temporibus totam natus aut adipisci id. Fugit et voluptatem quo occaecati maxime qui assumenda. Blanditiis voluptate commodi corporis quis. Illum illum non tempore.', 2080, 2, 15, '2020-01-27 05:53:42', '2020-01-27 05:53:42'),
(28, 'unde', 'Qui nisi officiis voluptatem corrupti. Sed commodi iusto alias nisi. Voluptas voluptas incidunt ipsum deserunt voluptatem vel. Laborum est ipsum nostrum libero optio.', 2874, 5, 20, '2020-01-27 05:53:42', '2020-01-27 05:53:42'),
(29, 'officia', 'Quam at eum adipisci. Sed eaque impedit hic quis. Voluptates soluta qui excepturi aut veritatis ea. Harum qui soluta voluptas et.', 1492, 4, 24, '2020-01-27 05:53:42', '2020-01-27 05:53:42'),
(30, 'aut', 'Dolores voluptatum cumque animi ipsum. Non pariatur aliquid itaque id fuga sed. Sit magnam recusandae culpa et ut et porro. Voluptas vitae occaecati commodi nemo.', 1581, 5, 29, '2020-01-27 05:53:42', '2020-01-27 05:53:42'),
(31, 'fugit', 'Ab dolorum ratione et sapiente quia aliquam dicta. Temporibus id eaque atque aut id excepturi totam ad. Qui voluptatem necessitatibus ducimus dolore ut reiciendis nesciunt.', 3828, 4, 25, '2020-01-27 05:53:43', '2020-01-27 05:53:43'),
(32, 'molestias', 'Ab illo ut voluptatum harum. Nesciunt est quia neque sit voluptatibus dolor. Illum adipisci et dolor sed cumque.', 1233, 2, 27, '2020-01-27 05:53:43', '2020-01-27 05:53:43'),
(33, 'et', 'Autem autem et rerum aspernatur. Repudiandae illo quibusdam velit veniam ut voluptatum sint voluptas. Aut tenetur debitis numquam eos a.', 2348, 8, 21, '2020-01-27 05:53:43', '2020-01-27 05:53:43'),
(34, 'consequuntur', 'Ad natus ut error delectus et dolores. Aliquam minima temporibus magnam. Perferendis itaque est debitis deserunt veniam.', 2374, 6, 8, '2020-01-27 05:53:43', '2020-01-27 05:53:43'),
(35, 'laborum', 'Tempore nam ex deserunt reprehenderit. Molestias fugit sint repellat est. Quia voluptatum accusantium voluptatem modi blanditiis.', 462, 0, 7, '2020-01-27 05:53:43', '2020-01-27 05:53:43'),
(36, 'quis', 'Aperiam voluptas quis voluptas voluptate reprehenderit. Et ea officia omnis omnis est nisi. Hic modi aspernatur cupiditate eos ipsam. Voluptate dignissimos nemo nobis quis dolor sequi iure. Voluptatem qui sint minus quod qui rerum molestias.', 1301, 1, 12, '2020-01-27 05:53:43', '2020-01-27 05:53:43'),
(37, 'vel', 'Doloremque consequuntur at culpa sint eaque. Laudantium iste et quia nemo ut et rerum. Illum assumenda ipsa voluptatem provident officiis nihil autem quisquam. Ea nisi quaerat consequuntur sit omnis aut labore. Excepturi consequatur nostrum aut dolorum quas.', 1186, 0, 18, '2020-01-27 05:53:43', '2020-01-27 05:53:43'),
(38, 'dolor', 'Autem atque nam doloribus ut. Minima et dolor aspernatur temporibus placeat. Ullam ducimus debitis nihil et voluptas quo consectetur.', 1797, 8, 22, '2020-01-27 05:53:43', '2020-01-27 05:53:43'),
(39, 'molestiae', 'Id temporibus fugit velit voluptatem. Labore excepturi aut delectus temporibus. Voluptate harum minima consequatur dolorem est. Voluptas labore nemo necessitatibus sed quod asperiores enim rerum.', 2202, 9, 2, '2020-01-27 05:53:43', '2020-01-27 05:53:43'),
(40, 'quod', 'Nihil quas odio enim atque. Tempore aut distinctio amet voluptatem incidunt culpa dolores. Incidunt nostrum ut rem odio.', 2317, 5, 6, '2020-01-27 05:53:43', '2020-01-27 05:53:43'),
(41, 'delectus', 'Voluptas consequatur iusto nesciunt porro. Quia ullam soluta unde officiis. Reiciendis maiores cupiditate nobis corporis optio. Repellat illum laboriosam et id iste voluptatum libero.', 3351, 1, 24, '2020-01-27 05:53:43', '2020-01-27 05:53:43'),
(42, 'nemo', 'Quis est mollitia dolorem porro eos iste. Et cum corrupti ducimus at et consectetur modi.', 1106, 8, 29, '2020-01-27 05:53:43', '2020-01-27 05:53:43'),
(43, 'aut', 'Sed qui numquam et facere. Quas officiis dolorem libero in consequuntur. Et libero occaecati ducimus et tempora consequatur qui. Odit voluptas optio voluptatum qui.', 2703, 3, 15, '2020-01-27 05:53:43', '2020-01-27 05:53:43'),
(44, 'velit', 'Officia laboriosam fugiat harum consequuntur autem non. Quasi eum illum quibusdam placeat enim quam quaerat ad. Qui delectus dolor omnis omnis velit. Aut sint dolorem id adipisci non consequatur.', 3073, 7, 25, '2020-01-27 05:53:43', '2020-01-27 05:53:43'),
(45, 'eaque', 'Necessitatibus ut quis sit et et enim aliquid. Ad architecto est error non deleniti. Sapiente rerum id beatae quibusdam saepe doloremque. Itaque ut quaerat suscipit velit omnis voluptas.', 3308, 0, 16, '2020-01-27 05:53:43', '2020-01-27 05:53:43'),
(46, 'inventore', 'Sint dolore voluptatem distinctio. Debitis est veritatis sint. Autem perferendis fugiat tempora et velit numquam.', 470, 5, 30, '2020-01-27 05:53:43', '2020-01-27 05:53:43'),
(47, 'enim', 'Consequatur voluptate quidem magnam qui. Enim ea porro corrupti dignissimos nam similique. Debitis occaecati magni vitae vero reiciendis harum.', 2489, 2, 24, '2020-01-27 05:53:43', '2020-01-27 05:53:43'),
(48, 'minus', 'Molestiae praesentium doloribus hic sint. Et consectetur quidem et ullam. Corrupti dolore ut voluptatum voluptate natus est nemo.', 3059, 8, 9, '2020-01-27 05:53:43', '2020-01-27 05:53:43'),
(49, 'commodi', 'Nihil magni sit praesentium non voluptatibus. Est a iusto dolorem reiciendis odit. Repellendus ad et sed perspiciatis et.', 3492, 2, 6, '2020-01-27 05:53:43', '2020-01-27 05:53:43'),
(50, 'est', 'Nostrum fuga ipsa laboriosam id aut neque occaecati. Accusantium occaecati autem necessitatibus nemo perspiciatis voluptatem distinctio non.', 824, 9, 21, '2020-01-27 05:53:43', '2020-01-27 05:53:43');

-- --------------------------------------------------------

--
-- Table structure for table `registers`
--

CREATE TABLE `registers` (
  `id` bigint(20) UNSIGNED NOT NULL,
  `name` varchar(191) COLLATE utf8mb4_unicode_ci NOT NULL,
  `email` varchar(191) COLLATE utf8mb4_unicode_ci NOT NULL,
  `password` varchar(191) COLLATE utf8mb4_unicode_ci NOT NULL,
  `created_at` timestamp NULL DEFAULT NULL,
  `updated_at` timestamp NULL DEFAULT NULL
) ENGINE=InnoDB DEFAULT CHARSET=utf8mb4 COLLATE=utf8mb4_unicode_ci;

-- --------------------------------------------------------

--
-- Table structure for table `reviews`
--

CREATE TABLE `reviews` (
  `id` bigint(20) UNSIGNED NOT NULL,
  `product_id` bigint(20) UNSIGNED NOT NULL,
  `customer` varchar(191) COLLATE utf8mb4_unicode_ci NOT NULL,
  `review` text COLLATE utf8mb4_unicode_ci NOT NULL,
  `star` int(11) NOT NULL,
  `created_at` timestamp NULL DEFAULT NULL,
  `updated_at` timestamp NULL DEFAULT NULL
) ENGINE=InnoDB DEFAULT CHARSET=utf8mb4 COLLATE=utf8mb4_unicode_ci;

--
-- Dumping data for table `reviews`
--

INSERT INTO `reviews` (`id`, `product_id`, `customer`, `review`, `star`, `created_at`, `updated_at`) VALUES
(1, 8, 'Ferne Little', 'Vel deleniti quo laboriosam placeat perferendis est corporis dolorem. Et minima ut similique dicta aliquam sed. Repellendus eius in quisquam eos expedita autem dolor cumque.', 0, '2020-01-27 05:53:44', '2020-01-27 05:53:44'),
(2, 17, 'Richard Osinski', 'Iusto tempora eum accusantium dicta est. Et laborum tenetur dolore autem. Fugiat iste qui saepe voluptates neque dolores.', 2, '2020-01-27 05:53:44', '2020-01-27 05:53:44'),
(3, 15, 'Keira Rosenbaum II', 'Est autem quibusdam ad itaque id. Illo voluptas quisquam expedita. Totam iusto laboriosam eum eaque.', 0, '2020-01-27 05:53:44', '2020-01-27 05:53:44'),
(4, 33, 'Samantha Gleason', 'Cum nostrum est cum velit qui. Libero quibusdam repellat similique odit consectetur ex.', 0, '2020-01-27 05:53:44', '2020-01-27 05:53:44'),
(5, 46, 'Shanna Herzog', 'Eos consectetur et distinctio saepe doloremque voluptatem et. Perspiciatis commodi exercitationem saepe voluptatem sed omnis. Et tempora aut dolor. Sit quaerat voluptatem velit tempora id.', 1, '2020-01-27 05:53:44', '2020-01-27 05:53:44'),
(6, 36, 'Weston Fahey', 'Aut voluptatem qui architecto eius. Rem ut fugiat eum rerum. Est consequatur est minus molestiae dolorem nihil optio. Animi repellendus laboriosam id.', 2, '2020-01-27 05:53:44', '2020-01-27 05:53:44'),
(7, 16, 'Jolie Bernier', 'Est necessitatibus natus autem aliquid ut non velit. Nemo molestiae id voluptatem ex perferendis commodi sint.', 2, '2020-01-27 05:53:44', '2020-01-27 05:53:44'),
(8, 26, 'Cassandra Schoen', 'Adipisci praesentium qui quam. Velit esse praesentium non. Odit qui necessitatibus et. Id ut recusandae voluptatum reiciendis repellat.', 2, '2020-01-27 05:53:44', '2020-01-27 05:53:44'),
(9, 46, 'Yasmine Weissnat', 'Mollitia tempora eum dicta voluptatibus minus sunt. Illum aut quia laudantium reiciendis blanditiis omnis quas tempore. Sint libero sequi rerum eos voluptate laboriosam sint. Assumenda sed itaque sint facilis perferendis natus.', 0, '2020-01-27 05:53:44', '2020-01-27 05:53:44'),
(10, 15, 'Queen Nienow', 'Iste vero sint et culpa est totam similique. Aut aperiam quas ut libero aut quasi. Nostrum ea quos expedita voluptatibus et dolor.', 4, '2020-01-27 05:53:44', '2020-01-27 05:53:44'),
(11, 22, 'Miss Veronica Morissette', 'Eaque eius sint quo debitis animi. Accusamus sunt quia quo dolor et. Optio dolorem quo rem molestias. Cumque ut quae atque amet sed numquam.', 0, '2020-01-27 05:53:44', '2020-01-27 05:53:44'),
(12, 25, 'Prof. Camden Price I', 'Aut fuga reiciendis perferendis ea sed facere. Dignissimos dolores consequuntur facere placeat in dolores. Libero eius commodi consequatur rem quod. Veniam eos laboriosam distinctio deserunt et. Ut itaque eos autem.', 1, '2020-01-27 05:53:44', '2020-01-27 05:53:44'),
(13, 40, 'Hildegard Turner II', 'Est sed aliquam doloremque distinctio. Vel corporis qui dolores veniam. Reprehenderit doloribus dignissimos iure rerum sed veniam. Doloribus beatae quia dolorum sed.', 4, '2020-01-27 05:53:44', '2020-01-27 05:53:44'),
(14, 4, 'Kassandra Kuhic', 'Consequuntur aut saepe ipsum. Rem consequuntur est eaque quis reiciendis asperiores et non. At et at sit illo sit perferendis veritatis.', 2, '2020-01-27 05:53:44', '2020-01-27 05:53:44'),
(15, 47, 'Katheryn Upton', 'Tempora cum consectetur architecto magnam id molestiae. Quis consequatur repellat iusto eveniet nostrum. Sunt qui repellendus dolor voluptatum.', 2, '2020-01-27 05:53:44', '2020-01-27 05:53:44'),
(16, 14, 'Bernadette Marquardt', 'Nemo cupiditate eos hic quia. Nulla vero itaque sed nulla similique recusandae aliquid. Et autem necessitatibus corporis minima.', 0, '2020-01-27 05:53:44', '2020-01-27 05:53:44'),
(17, 3, 'Miss Prudence Ziemann', 'Sunt est nisi nemo id est nesciunt tenetur. Eaque exercitationem vel ab officiis odio vel et. Aut natus velit enim occaecati voluptates.', 1, '2020-01-27 05:53:44', '2020-01-27 05:53:44'),
(18, 24, 'Treva Harvey', 'Voluptatem vero pariatur atque eligendi aut. Dolor a repellendus et dolor quia et. Nulla et eos officiis perferendis et omnis. Repellendus animi reiciendis quod fugit delectus. Dolorum iure molestiae vero culpa omnis.', 0, '2020-01-27 05:53:44', '2020-01-27 05:53:44'),
(19, 25, 'Alexandrine Pfeffer', 'Occaecati qui et nulla eius nihil et autem in. Mollitia veniam est soluta consequuntur incidunt. Voluptatem commodi ipsam ipsam dolores asperiores.', 5, '2020-01-27 05:53:45', '2020-01-27 05:53:45'),
(20, 19, 'Mrs. Marilou Pagac V', 'Dolores saepe minima modi minima earum similique explicabo est. Qui odio vel id enim ut modi eveniet. Et ipsam illum et ex quo. Harum quo iure ut error ea reiciendis. Corrupti doloremque laboriosam vitae aut non.', 4, '2020-01-27 05:53:45', '2020-01-27 05:53:45'),
(21, 50, 'Ethelyn Abshire II', 'Non libero exercitationem impedit voluptatum vel. Et vero et eos tenetur quia inventore sed. Et sit facilis pariatur. Nihil voluptas sapiente sunt corporis. Omnis rem aliquam ea ullam deleniti.', 2, '2020-01-27 05:53:45', '2020-01-27 05:53:45'),
(22, 46, 'Quinn Hudson', 'Itaque provident perspiciatis repellat et odit qui quidem voluptatibus. Quidem harum odit dicta sit sunt nulla. Voluptatibus non iure quo sunt.', 3, '2020-01-27 05:53:45', '2020-01-27 05:53:45'),
(23, 50, 'Carter Legros', 'Alias asperiores temporibus est maiores. Quod optio blanditiis numquam dignissimos perspiciatis architecto officiis. Blanditiis odit rerum dolores deleniti. Architecto a at quia delectus ad inventore explicabo.', 3, '2020-01-27 05:53:45', '2020-01-27 05:53:45'),
(24, 48, 'Krystina Mraz', 'Sint quod nulla natus. Odit quia repellat itaque tempora.', 1, '2020-01-27 05:53:45', '2020-01-27 05:53:45'),
(25, 9, 'Raleigh Ryan', 'Soluta earum laboriosam facilis perspiciatis dolorum iste nulla. Voluptatem id aut repellendus in voluptates quia officia. Aut incidunt atque molestias labore expedita. Tempore non aliquid temporibus labore iure accusamus.', 5, '2020-01-27 05:53:45', '2020-01-27 05:53:45'),
(26, 32, 'Tyra Veum', 'Quaerat eaque illum labore quae cumque unde. Quis et molestiae recusandae sed amet praesentium aliquam. Vitae est totam perferendis molestias sit aut minus.', 4, '2020-01-27 05:53:45', '2020-01-27 05:53:45'),
(27, 4, 'Christy Trantow', 'Harum voluptatem mollitia consequatur ut sed. Fugit et inventore corrupti aperiam quae neque sit. Aut itaque quidem non voluptatem. Sit nihil rerum voluptatem molestiae cum ab.', 3, '2020-01-27 05:53:45', '2020-01-27 05:53:45'),
(28, 1, 'Ms. Fiona Cassin', 'Itaque impedit et dolorem iure fuga accusamus aliquid ducimus. Nemo incidunt quos rerum ea quas nostrum cumque dolorum. Rerum rerum magnam animi ipsam. Voluptas corporis temporibus a autem sapiente et.', 0, '2020-01-27 05:53:45', '2020-01-27 05:53:45'),
(29, 50, 'Dr. Jacynthe O\'Hara DDS', 'Et sed et eveniet tenetur laboriosam aliquid. Mollitia sed qui ad autem debitis. Repellendus aspernatur aliquam voluptas sunt ab neque quidem.', 2, '2020-01-27 05:53:45', '2020-01-27 05:53:45'),
(30, 39, 'Jarret Langosh', 'Maiores dolores qui voluptatibus dolor et aut at. Excepturi necessitatibus atque sunt eos. Iusto modi aut sunt tempore. Esse est nihil amet iusto voluptas esse.', 1, '2020-01-27 05:53:45', '2020-01-27 05:53:45'),
(31, 37, 'Ralph Reilly', 'Sint sunt maiores rerum ad repellendus. Ea dolorem autem iusto. Eos ducimus maxime voluptatibus est.', 0, '2020-01-27 05:53:45', '2020-01-27 05:53:45'),
(32, 29, 'Myrtle Jast V', 'Rerum facilis culpa totam cum cupiditate totam. Nulla quod vel minus eveniet aperiam earum voluptate nesciunt. Rerum pariatur quisquam consequatur perspiciatis alias quam dolor.', 2, '2020-01-27 05:53:45', '2020-01-27 05:53:45'),
(33, 50, 'Josue Jerde', 'Consequatur et accusamus quia. Fuga qui similique commodi omnis. Corrupti magnam fugiat rerum. Est eligendi fugit voluptatem consequatur sunt qui. Qui esse quam eaque hic excepturi.', 1, '2020-01-27 05:53:45', '2020-01-27 05:53:45'),
(34, 22, 'Lyda Jast Jr.', 'Aperiam expedita eum dolores animi. Unde magnam neque qui vero omnis. Ad dolor similique labore aliquam deserunt eaque sint. Illum ullam eaque neque non non debitis facere et.', 0, '2020-01-27 05:53:45', '2020-01-27 05:53:45'),
(35, 4, 'Dr. Ellis Swift', 'Quia cupiditate animi tempora est veniam. Quia nostrum rem qui voluptatibus dignissimos.', 5, '2020-01-27 05:53:45', '2020-01-27 05:53:45'),
(36, 39, 'Dr. Mattie Lebsack II', 'Ipsum repellendus blanditiis rerum. In quasi in sunt possimus dolore. Quo et quam eos voluptatem eum nobis ea. Dolores cumque quis et et magni rerum qui totam.', 0, '2020-01-27 05:53:45', '2020-01-27 05:53:45'),
(37, 47, 'Mrs. Christy Hamill MD', 'Suscipit nam exercitationem ab tenetur impedit eius omnis. Ratione officiis recusandae est facilis. Occaecati quia quam autem placeat. Est similique quo voluptas esse.', 1, '2020-01-27 05:53:45', '2020-01-27 05:53:45'),
(38, 2, 'Daisha Wiza', 'Assumenda quaerat tenetur aperiam necessitatibus sit error molestiae officia. Aut dolorem explicabo laudantium placeat perspiciatis modi. Amet nihil eos ex quam voluptas provident.', 1, '2020-01-27 05:53:45', '2020-01-27 05:53:45'),
(39, 24, 'Theresia D\'Amore', 'Iusto saepe et iste. Aut mollitia eum aut inventore. Necessitatibus tempora minima et ullam aut odit dolorem. Quibusdam perferendis natus occaecati illo.', 1, '2020-01-27 05:53:45', '2020-01-27 05:53:45'),
(40, 14, 'Dr. Ignacio Simonis', 'Mollitia quisquam rem adipisci odio ad accusamus asperiores. Laboriosam voluptatem corporis fugit in. Facilis voluptatum odio commodi aut.', 3, '2020-01-27 05:53:45', '2020-01-27 05:53:45'),
(41, 48, 'Schuyler Hills', 'Autem error tempore repellendus voluptate. Quas qui reprehenderit odit ut ducimus. Aut nesciunt ut error in animi exercitationem voluptate nostrum. Ut numquam accusamus et nulla.', 1, '2020-01-27 05:53:45', '2020-01-27 05:53:45'),
(42, 31, 'Creola Cruickshank', 'In id quisquam ducimus aut quasi sit aperiam. Temporibus ducimus pariatur perspiciatis autem reprehenderit et. Nesciunt laudantium nesciunt maxime est accusantium delectus.', 4, '2020-01-27 05:53:45', '2020-01-27 05:53:45'),
(43, 15, 'Mrs. Karlie Leffler II', 'Aut qui sed necessitatibus expedita totam ut rerum nam. Omnis ut provident enim ab ut sit. Error aut vitae blanditiis quo perspiciatis odit. Temporibus ducimus excepturi error quaerat.', 3, '2020-01-27 05:53:45', '2020-01-27 05:53:45'),
(44, 7, 'Prof. Max Miller DVM', 'Doloremque est repellendus assumenda qui. Repellat omnis quae tempora repellat non amet illum sequi. Suscipit nam ex rem in molestiae non repellendus.', 3, '2020-01-27 05:53:45', '2020-01-27 05:53:45'),
(45, 50, 'Dimitri Feil', 'Suscipit deleniti modi in quaerat consequatur magni. Odio molestiae culpa illo unde quam praesentium cum. Nesciunt fuga illum qui eaque pariatur amet. Dolor quos pariatur illo cum architecto. Nemo et similique nostrum illum asperiores eveniet.', 1, '2020-01-27 05:53:45', '2020-01-27 05:53:45'),
(46, 33, 'Enola Ferry', 'Dolorum consectetur sapiente minus sint. Quae assumenda cumque et sed et quasi. Placeat accusantium perspiciatis laudantium consectetur rem. Quia enim magni veniam necessitatibus.', 2, '2020-01-27 05:53:45', '2020-01-27 05:53:45'),
(47, 7, 'Alf Schuppe', 'Sit nesciunt blanditiis esse autem vero. Deleniti quia impedit omnis qui nisi. Suscipit earum at enim in nobis beatae. Non delectus voluptatem tempora consequatur. Beatae sit aspernatur placeat voluptates eius animi voluptatem.', 3, '2020-01-27 05:53:45', '2020-01-27 05:53:45'),
(48, 34, 'Maurine Douglas', 'Ut eos ea veritatis iure deserunt sint. Facilis aspernatur soluta tempora fugit numquam iste. Vel est fugiat quia est libero qui at. Illum et quasi cum adipisci ut. Tenetur mollitia odio et eos qui aut.', 3, '2020-01-27 05:53:45', '2020-01-27 05:53:45'),
(49, 18, 'Verdie Ondricka', 'Quia eos earum dignissimos consequatur sit tempora voluptatum a. Et error eos dolorem ipsum consequatur neque et. Quae qui modi et.', 1, '2020-01-27 05:53:45', '2020-01-27 05:53:45'),
(50, 47, 'Prof. Talon Willms PhD', 'Doloremque magnam sint dicta deleniti molestiae est vero et. Qui non at eveniet. Est ut numquam a tenetur ullam.', 0, '2020-01-27 05:53:45', '2020-01-27 05:53:45'),
(51, 36, 'Dr. Hipolito Schulist V', 'Blanditiis dolores perferendis vel sunt itaque. Similique veniam eum nihil sequi pariatur suscipit iure. Et ullam dolores modi voluptatum. Sed enim sit beatae sint suscipit dolorum.', 3, '2020-01-27 05:53:45', '2020-01-27 05:53:45'),
(52, 14, 'Dr. Orin Rogahn', 'Quia qui provident quisquam ea placeat. Eum libero facilis dicta eligendi reiciendis quisquam qui. Suscipit illo voluptatem fugit alias eveniet est.', 3, '2020-01-27 05:53:46', '2020-01-27 05:53:46'),
(53, 40, 'Willard Haley', 'Magnam error quisquam quia maiores ut vitae. Voluptatem consequatur commodi animi itaque nostrum a. Et iste aliquid consequatur qui.', 1, '2020-01-27 05:53:46', '2020-01-27 05:53:46'),
(54, 3, 'Bo Bahringer', 'Non qui nulla deserunt placeat. Placeat quibusdam sit autem tenetur corrupti quidem aut. Incidunt earum eos debitis non omnis corporis incidunt. Explicabo eligendi omnis officia voluptatum ad voluptates. Labore et ut corporis accusamus ullam aliquid.', 5, '2020-01-27 05:53:46', '2020-01-27 05:53:46'),
(55, 24, 'Mr. Randall Bruen IV', 'Architecto id beatae maiores temporibus consectetur ab dolor. At est occaecati quisquam id recusandae veritatis. Qui est soluta qui ea delectus cumque optio vel.', 3, '2020-01-27 05:53:46', '2020-01-27 05:53:46'),
(56, 2, 'Werner Kunde', 'Ea sed distinctio tempora qui similique. Est minus consequatur sit sed quis reprehenderit expedita consequatur. Omnis quod voluptates inventore.', 2, '2020-01-27 05:53:46', '2020-01-27 05:53:46'),
(57, 35, 'Brian McKenzie I', 'Voluptatem sed non cumque et. Rerum hic beatae expedita eius. In non ex consequatur exercitationem.', 2, '2020-01-27 05:53:46', '2020-01-27 05:53:46'),
(58, 21, 'Alvina Streich PhD', 'Neque sunt mollitia dolorem. Molestiae expedita ut quis unde quis dolorem est. Quo voluptatem veniam et. Itaque eum id tempore et.', 4, '2020-01-27 05:53:46', '2020-01-27 05:53:46'),
(59, 29, 'Raymundo Altenwerth', 'Minus molestiae aspernatur ea qui hic tenetur minima. Aut nulla autem est. Reiciendis eum dolores aut iusto ratione placeat repellat. Magnam accusantium optio animi et omnis voluptatem est quibusdam.', 2, '2020-01-27 05:53:46', '2020-01-27 05:53:46'),
(60, 29, 'Brionna Mayert', 'Doloremque quas eum distinctio culpa dolorem laboriosam. Doloremque qui reiciendis et et. Perspiciatis voluptates nesciunt officiis delectus.', 0, '2020-01-27 05:53:46', '2020-01-27 05:53:46'),
(61, 12, 'Claudia Kris', 'Cum illo omnis maiores repellat ex qui. Doloribus nostrum illum deleniti illum voluptatem qui laborum nostrum. Temporibus molestiae quo iure aut nemo et esse. Vel maxime tempora ut.', 2, '2020-01-27 05:53:46', '2020-01-27 05:53:46'),
(62, 13, 'Zoila Fay', 'Ipsum velit itaque inventore et cumque numquam est dolore. Inventore animi et ea est sint ad. Molestiae quo labore saepe iusto qui dolore. Iure molestiae aut et veritatis unde.', 0, '2020-01-27 05:53:46', '2020-01-27 05:53:46'),
(63, 47, 'Barbara Ernser', 'Rerum quibusdam voluptatum est eos quo delectus. Omnis ducimus esse eos et quia. Eos soluta fugit unde fugit architecto.', 4, '2020-01-27 05:53:46', '2020-01-27 05:53:46'),
(64, 11, 'Maria Cremin DDS', 'Veniam autem praesentium nam consequuntur et aut. Et qui qui officiis voluptatem quasi ab saepe laboriosam. Perspiciatis pariatur numquam eligendi omnis placeat.', 0, '2020-01-27 05:53:46', '2020-01-27 05:53:46'),
(65, 18, 'Johnathan Hoeger', 'Minus eos sapiente qui cupiditate sint ut tempora. Veritatis ea aut totam dicta laudantium ducimus et commodi. Et debitis nam libero aut facilis.', 0, '2020-01-27 05:53:46', '2020-01-27 05:53:46'),
(66, 7, 'Herminio Kuhlman II', 'Dignissimos dicta laboriosam quisquam. Cupiditate commodi vero optio dolores adipisci pariatur a. Iste vitae illum ullam voluptatem quo id. Dolores assumenda illo dolore voluptatem dolorem. Fuga eum voluptatem delectus qui architecto nam.', 5, '2020-01-27 05:53:46', '2020-01-27 05:53:46'),
(67, 50, 'Dr. Adella Kshlerin Sr.', 'Ipsam saepe omnis dolor ut. Odio rerum veniam sed nihil ipsum. Culpa molestiae fuga sunt dolor voluptates sit sit.', 4, '2020-01-27 05:53:46', '2020-01-27 05:53:46'),
(68, 23, 'Miles Hammes', 'Architecto quia velit laudantium nulla aut id quo. Quos assumenda iusto atque voluptatem. Ea laborum est quos quisquam. Ut modi quas consequuntur in fugit similique.', 3, '2020-01-27 05:53:46', '2020-01-27 05:53:46'),
(69, 29, 'Mr. Olin Stroman I', 'Nihil est consequuntur consectetur vero. Officiis neque dolor consequatur veritatis esse. Soluta dolores non corrupti debitis molestias praesentium.', 0, '2020-01-27 05:53:46', '2020-01-27 05:53:46'),
(70, 46, 'Rickey Kris', 'Sit sit odio natus quisquam dignissimos commodi. Hic ipsum adipisci rem aut ut et. Et in sunt sit delectus et aut.', 0, '2020-01-27 05:53:46', '2020-01-27 05:53:46'),
(71, 11, 'Maybelle Abshire PhD', 'Ducimus non ab ut tempora. Doloremque numquam rerum in. Sit est ut et quia et qui. Aliquid assumenda voluptas voluptate cum sunt consequuntur. Sit esse repellendus est a.', 0, '2020-01-27 05:53:46', '2020-01-27 05:53:46'),
(72, 7, 'Ada Casper DDS', 'Minus quis accusantium natus velit sit officia. Modi corporis sed quia tempora repudiandae. Ducimus quasi sapiente quos beatae eveniet autem consectetur.', 2, '2020-01-27 05:53:46', '2020-01-27 05:53:46'),
(73, 1, 'Iliana Heller', 'Non sint in et pariatur sed. Dicta natus temporibus fuga nemo pariatur rerum quis. Doloribus omnis rerum autem tempora labore culpa vel.', 0, '2020-01-27 05:53:46', '2020-01-27 05:53:46'),
(74, 32, 'Alessandra Robel', 'Repudiandae doloremque reiciendis quibusdam non laborum voluptates. Veniam ratione nobis perferendis quam esse. Esse et eaque in consequatur.', 3, '2020-01-27 05:53:46', '2020-01-27 05:53:46'),
(75, 24, 'Mrs. Audra Watsica III', 'Et et voluptates vel odit non maxime maiores dolore. Dolorem quos illo qui repellendus et iusto et. Molestiae molestias eius excepturi recusandae error natus natus deleniti.', 0, '2020-01-27 05:53:46', '2020-01-27 05:53:46'),
(76, 2, 'Dillon Considine PhD', 'Magnam fuga assumenda maiores. Quia hic quos ipsam reprehenderit. Deserunt consectetur nam quisquam voluptatem expedita consequuntur.', 2, '2020-01-27 05:53:46', '2020-01-27 05:53:46'),
(77, 30, 'Otto Boyer', 'Eum et dolores quia ea numquam perferendis. Cum consectetur ab asperiores neque qui nisi. Excepturi in et sit aperiam sapiente. Aperiam enim similique impedit exercitationem vel nisi qui molestias.', 2, '2020-01-27 05:53:46', '2020-01-27 05:53:46'),
(78, 40, 'Maye Reichert', 'Doloremque vero laborum vel eveniet. Labore temporibus aut quasi aut accusantium et. Unde consequatur unde quod et vel et.', 2, '2020-01-27 05:53:46', '2020-01-27 05:53:46'),
(79, 38, 'Edward O\'Kon', 'Voluptate quia nisi culpa id consequatur sunt. Quos dolorem quis tempora vel. Labore ad quasi ex voluptatem. In corporis maxime praesentium ea veniam et.', 4, '2020-01-27 05:53:46', '2020-01-27 05:53:46'),
(80, 16, 'Audie Pfannerstill IV', 'Provident mollitia modi velit repellendus. Sunt distinctio eos dolorem. Voluptate recusandae natus sapiente dignissimos tempora omnis libero. Qui reprehenderit omnis distinctio et.', 1, '2020-01-27 05:53:46', '2020-01-27 05:53:46'),
(81, 38, 'Greyson Kemmer', 'Velit nostrum et perferendis aut sit. Deserunt tempora minus laudantium ut vero. Ut accusamus aut repellendus enim doloremque. Alias aperiam est voluptas.', 2, '2020-01-27 05:53:47', '2020-01-27 05:53:47'),
(82, 40, 'Sandra Green IV', 'At eveniet iusto corporis sit blanditiis. Et et cupiditate at dolorem et. Voluptas et aut facilis quis laudantium deleniti animi sed. Sit quibusdam veniam necessitatibus velit. Sunt illo iste consequatur porro et corporis vel.', 0, '2020-01-27 05:53:47', '2020-01-27 05:53:47'),
(83, 19, 'Prof. Ramiro Fahey V', 'A ducimus ducimus excepturi. Pariatur facilis atque dicta. Nesciunt excepturi eos officia eligendi et.', 5, '2020-01-27 05:53:47', '2020-01-27 05:53:47'),
(84, 37, 'Roslyn Murazik', 'Repellat omnis quia qui aut quo ea aperiam. Dolor quia unde nihil exercitationem nobis magni. Repudiandae tempora enim sit et consequatur perspiciatis facilis id.', 1, '2020-01-27 05:53:47', '2020-01-27 05:53:47'),
(85, 22, 'London Shields', 'Voluptas error iusto et non. Rem voluptates illo facere iste vel nihil doloremque. Earum voluptatum numquam provident sapiente quos veritatis saepe aperiam. Qui atque ab soluta soluta sunt quisquam est.', 2, '2020-01-27 05:53:47', '2020-01-27 05:53:47'),
(86, 34, 'Alanis Pfannerstill', 'Commodi voluptate dolor reprehenderit ut sit et in. Et aliquid molestiae nemo tempora id sed.', 1, '2020-01-27 05:53:47', '2020-01-27 05:53:47'),
(87, 47, 'Dr. Alan Waelchi', 'Aut unde repellendus vel fuga. Iure id ut deleniti quo. Laudantium vel iusto rerum eaque.', 2, '2020-01-27 05:53:47', '2020-01-27 05:53:47'),
(88, 30, 'Prof. Noah Thiel', 'Illo ea omnis voluptatem quibusdam minus et. Commodi deserunt explicabo dolore eius et. Optio et nostrum nobis vitae.', 4, '2020-01-27 05:53:47', '2020-01-27 05:53:47'),
(89, 40, 'Nettie Denesik', 'Magnam similique et officiis cupiditate maiores dolor optio dolores. Doloribus ab ut cupiditate. Itaque quas qui dicta ad soluta cumque voluptate.', 2, '2020-01-27 05:53:47', '2020-01-27 05:53:47'),
(90, 15, 'Jeff Cole', 'Suscipit debitis atque nisi qui et animi quibusdam. Earum labore ut voluptatem earum voluptas blanditiis. Distinctio autem quibusdam quod voluptate.', 4, '2020-01-27 05:53:47', '2020-01-27 05:53:47'),
(91, 18, 'Jeromy Osinski', 'Hic similique perferendis quia enim. Ad aliquid quis dolores qui delectus. Commodi commodi corporis et earum.', 4, '2020-01-27 05:53:47', '2020-01-27 05:53:47'),
(92, 5, 'Mrs. Savanna Welch', 'Deleniti et eius asperiores atque perspiciatis enim vitae. Deserunt quam possimus et aut et dolor excepturi vitae. Sint dolorem ut quia error. Veritatis sed et nobis assumenda dolores. Placeat laboriosam fugit veritatis eius iusto.', 1, '2020-01-27 05:53:47', '2020-01-27 05:53:47'),
(93, 23, 'Brock Muller', 'In molestias et et est ut sit rerum fugit. Mollitia ut molestiae est qui occaecati. Aspernatur rem qui et voluptatem rerum. Autem minima molestiae voluptatem doloremque.', 4, '2020-01-27 05:53:47', '2020-01-27 05:53:47'),
(94, 41, 'Pearlie Rolfson', 'Voluptas animi ut qui ab et autem. Velit eius veniam beatae. Omnis molestiae amet dolore et molestiae eveniet. Consectetur libero enim cupiditate ipsum dolorem est.', 3, '2020-01-27 05:53:47', '2020-01-27 05:53:47'),
(95, 31, 'Dianna Yost Sr.', 'Non dolore dignissimos voluptatem vero corporis repudiandae sed dolor. Officiis perferendis omnis nihil est. Sunt laudantium dicta nemo laboriosam ut id nemo. Repellat ratione illo ut tempora hic. Soluta nam laboriosam iste non eos consequuntur.', 1, '2020-01-27 05:53:47', '2020-01-27 05:53:47'),
(96, 23, 'Kimberly Towne PhD', 'Earum sapiente nulla assumenda sit. Voluptatem qui eius aut nam quia minus aliquam. Perferendis nam praesentium non enim fugit sit ullam distinctio.', 0, '2020-01-27 05:53:47', '2020-01-27 05:53:47'),
(97, 5, 'Samir Sanford', 'Dolor non expedita pariatur tenetur tempore omnis. Quia quam inventore et doloribus atque quasi consequatur. Laborum aperiam dolore ut laboriosam ut.', 4, '2020-01-27 05:53:47', '2020-01-27 05:53:47'),
(98, 27, 'Riley D\'Amore', 'Delectus doloribus omnis voluptatem qui omnis placeat. Molestiae quia quidem et ratione rerum amet qui. Ut voluptatum impedit odit molestias eos qui.', 0, '2020-01-27 05:53:47', '2020-01-27 05:53:47'),
(99, 16, 'Minerva Jacobson', 'Fuga perferendis dolorum non. Sunt voluptatem laboriosam dolore architecto. Illum neque tenetur dicta quia voluptas qui distinctio. Reprehenderit nemo vel est aliquid maxime maiores.', 3, '2020-01-27 05:53:47', '2020-01-27 05:53:47'),
(100, 17, 'Drew Haag', 'Esse unde eligendi ea asperiores aliquid impedit. Impedit et quia placeat nemo sed qui. Aut blanditiis omnis illum atque placeat.', 0, '2020-01-27 05:53:47', '2020-01-27 05:53:47'),
(101, 17, 'Mose Schroeder', 'Quo sint omnis natus omnis eos nisi non. Et quidem tenetur quam labore qui consequatur. Mollitia voluptatem velit officiis beatae asperiores ratione molestiae. Consequatur sequi ut consequatur. Cum eligendi ut et facere consequatur ullam et.', 2, '2020-01-27 05:53:47', '2020-01-27 05:53:47'),
(102, 21, 'Carmelo Bauch', 'Asperiores maxime corrupti aliquam qui quos. Est iusto incidunt quia quia eos voluptatem ut pariatur. Autem sunt officia cupiditate nesciunt tempora. Saepe in eos nihil aut corporis aut.', 4, '2020-01-27 05:53:47', '2020-01-27 05:53:47'),
(103, 32, 'Rodrick Farrell', 'Nobis vel in saepe quia tempore voluptatem. Et libero asperiores non incidunt molestias vel. Aut optio blanditiis ullam voluptatem eos eum. Distinctio omnis fuga facere incidunt sit inventore ullam.', 2, '2020-01-27 05:53:47', '2020-01-27 05:53:47'),
(104, 27, 'Sonya Weber', 'Dolorum minima numquam minima eos saepe eos. Inventore architecto consequatur dicta. Aliquam consequatur quia inventore adipisci cumque accusamus et. Perspiciatis in impedit sed provident molestiae.', 4, '2020-01-27 05:53:47', '2020-01-27 05:53:47'),
(105, 12, 'Gay Ferry', 'Minus quae et quasi dolore nisi architecto nemo. Molestiae aut eligendi iste qui atque. Magni facilis ab rerum et et.', 0, '2020-01-27 05:53:47', '2020-01-27 05:53:47'),
(106, 36, 'Kyleigh McKenzie', 'Et aliquam nam dolores id praesentium officiis doloribus. Inventore sit mollitia omnis eum aut cum. Distinctio quisquam rerum laboriosam et optio ut.', 5, '2020-01-27 05:53:47', '2020-01-27 05:53:47'),
(107, 34, 'Norberto Feeney', 'Mollitia ut qui ea occaecati voluptates eius molestias. Nostrum ipsum iure voluptate dolor quae. Non consectetur eos qui non et corporis error. Eos soluta accusamus sequi.', 2, '2020-01-27 05:53:47', '2020-01-27 05:53:47'),
(108, 25, 'Jonathon McLaughlin', 'Necessitatibus non ex minus magni voluptas. Dolorem minus commodi eius incidunt odio id. Quod ex id accusamus et ducimus rerum blanditiis. Quod vel impedit qui qui voluptate. Et porro voluptate laborum quo omnis.', 4, '2020-01-27 05:53:47', '2020-01-27 05:53:47'),
(109, 4, 'Estell Hodkiewicz', 'Consequatur rem eos id. Veritatis beatae quia velit illo et. Possimus quisquam non ut aut earum. Quos non quaerat excepturi. Dolorem officiis sed dolor veritatis enim voluptates dolorem eveniet.', 1, '2020-01-27 05:53:47', '2020-01-27 05:53:47'),
(110, 35, 'Nikki Douglas', 'Nemo deleniti nihil dolor voluptatem eligendi occaecati quo. Culpa non porro laudantium possimus eum error. Nulla est dolorum est aliquid tenetur aperiam qui.', 3, '2020-01-27 05:53:47', '2020-01-27 05:53:47'),
(111, 5, 'Dr. Enrico Volkman IV', 'Omnis aut id ea temporibus consectetur modi totam fuga. Officiis dolorem esse libero nam. Qui reprehenderit laborum unde ut repellat ut cum.', 4, '2020-01-27 05:53:47', '2020-01-27 05:53:47'),
(112, 8, 'Ines Gutmann', 'Consequatur quo et repudiandae vitae omnis consequuntur quas doloribus. Magnam eaque velit earum rerum ullam doloremque quae sed. Aut deserunt rem quia ea ut. Accusamus quidem explicabo est voluptate.', 2, '2020-01-27 05:53:47', '2020-01-27 05:53:47'),
(113, 48, 'Jamaal Schuppe V', 'Dolores incidunt possimus odio atque eum. Blanditiis perspiciatis pariatur sit. Necessitatibus placeat quibusdam consequuntur magni reiciendis facilis. Quia adipisci quo aut asperiores eveniet molestiae et velit.', 1, '2020-01-27 05:53:47', '2020-01-27 05:53:47'),
(114, 24, 'Alexander Legros', 'Aliquid eum quia accusamus deleniti. Quasi quidem laborum est reiciendis alias qui. Quia quia voluptatem qui omnis est.', 1, '2020-01-27 05:53:47', '2020-01-27 05:53:47'),
(115, 47, 'Prof. Robin Brekke I', 'Quo dolorem est quia odit. Dolores dolor eligendi ipsam fuga. Eveniet animi consequatur id. Fugiat dolorum officia nulla cum pariatur. Corrupti earum iure sunt adipisci et rerum animi qui.', 3, '2020-01-27 05:53:47', '2020-01-27 05:53:47'),
(116, 21, 'Donavon Muller', 'Consequatur eum consectetur et dolor maiores voluptatem sed. Ratione debitis eum sit vel. Sit distinctio animi qui harum.', 1, '2020-01-27 05:53:48', '2020-01-27 05:53:48'),
(117, 6, 'Athena Walter', 'Sunt dolores et quia asperiores quod. Aliquid porro eum officiis quia odit. Perspiciatis quae qui quibusdam eveniet explicabo accusantium.', 0, '2020-01-27 05:53:48', '2020-01-27 05:53:48'),
(118, 16, 'Prof. Adrain Bailey II', 'Voluptatem vel in libero ex perspiciatis quo ea. Reprehenderit corporis veniam molestias. Sunt amet qui fugiat unde non.', 4, '2020-01-27 05:53:48', '2020-01-27 05:53:48'),
(119, 21, 'Emerald Schmeler', 'Eius non recusandae provident ut voluptatem dolore sed esse. Amet et explicabo laboriosam et fugit minus quos. Harum illo expedita at et nam nihil et praesentium. Dolor natus eos cumque et culpa et adipisci.', 1, '2020-01-27 05:53:48', '2020-01-27 05:53:48'),
(120, 16, 'Miss Kathlyn Konopelski', 'Ut deserunt fugiat voluptates. Est nisi et et laboriosam. Est aut nihil quod excepturi laboriosam inventore ratione.', 3, '2020-01-27 05:53:48', '2020-01-27 05:53:48'),
(121, 35, 'Daija VonRueden', 'Enim sunt itaque vero consequatur omnis. Nihil voluptatibus quos et a itaque vel atque. Quis ipsam et officiis est suscipit et.', 4, '2020-01-27 05:53:48', '2020-01-27 05:53:48'),
(122, 17, 'Mary Schoen', 'Similique suscipit veritatis vitae voluptas aut. Non voluptatem et quis earum dolorem. Non quis hic incidunt quo omnis sunt quia quaerat.', 1, '2020-01-27 05:53:48', '2020-01-27 05:53:48'),
(123, 20, 'Gianni Russel', 'Aliquid et optio consequatur ipsum consequuntur quos. Ratione eum et eligendi unde nihil. Qui et consequatur nihil est facere. Nemo sit sit dolores aut odit.', 3, '2020-01-27 05:53:48', '2020-01-27 05:53:48'),
(124, 33, 'Webster Stroman', 'Consectetur nulla a minus sit et. Aut enim et dolorem fugit est eum eveniet ut.', 1, '2020-01-27 05:53:48', '2020-01-27 05:53:48'),
(125, 32, 'Ardith Nienow', 'Omnis eaque vel ullam qui in qui modi. Saepe libero aliquid eum ab nemo. Qui excepturi sunt aut nam consequatur cum quisquam temporibus.', 3, '2020-01-27 05:53:48', '2020-01-27 05:53:48'),
(126, 50, 'Cayla D\'Amore', 'Voluptatibus voluptatem consequatur temporibus qui a et expedita. Fuga sunt labore accusamus qui quo facere. Ipsa odio iste aut et. Modi enim qui necessitatibus voluptatum recusandae praesentium.', 1, '2020-01-27 05:53:48', '2020-01-27 05:53:48'),
(127, 43, 'Mr. Jerald Bartell', 'Amet voluptatum placeat odit ea. Aliquid praesentium sint delectus sunt soluta. Sit hic quidem nihil earum illum cum.', 2, '2020-01-27 05:53:48', '2020-01-27 05:53:48'),
(128, 22, 'Ila Marquardt', 'Ea voluptate minus et dolor incidunt nostrum quis ut. Quia possimus ut voluptas architecto est. Doloremque alias corrupti tempore iusto sed in molestias.', 5, '2020-01-27 05:53:48', '2020-01-27 05:53:48'),
(129, 7, 'Prof. Adriel Towne', 'Laborum rerum iusto aut atque. Explicabo quis eligendi officiis quaerat natus. Dignissimos provident magni id provident accusantium. Voluptas perspiciatis quidem quia voluptatibus quibusdam illo perferendis.', 5, '2020-01-27 05:53:48', '2020-01-27 05:53:48'),
(130, 27, 'Ms. Lempi Tillman PhD', 'Qui aut modi nostrum. Quia illo qui in iusto ut. Aut dolorem dolores eos voluptas error. A aut doloremque hic maxime quis rerum et. Aspernatur iusto provident ratione corrupti dolores repellendus.', 0, '2020-01-27 05:53:48', '2020-01-27 05:53:48'),
(131, 8, 'Greg Mohr', 'Occaecati non pariatur aliquam esse sunt fugit. Sed error quia et. Est aut voluptas eveniet ut id odio numquam voluptate. At dignissimos ab quam excepturi omnis.', 2, '2020-01-27 05:53:48', '2020-01-27 05:53:48'),
(132, 40, 'Mireya Batz', 'Eos odio temporibus est consequatur libero possimus dolore. Molestiae et quae consequatur et debitis et dolore. Ut vel consequatur excepturi sed deserunt modi.', 1, '2020-01-27 05:53:48', '2020-01-27 05:53:48'),
(133, 34, 'Dr. Laurie Kilback MD', 'Quo sint laborum consequuntur aspernatur maiores qui. Modi facilis necessitatibus nisi distinctio voluptatem autem. Officiis aut unde et expedita autem temporibus praesentium culpa.', 5, '2020-01-27 05:53:48', '2020-01-27 05:53:48'),
(134, 29, 'Andrew Dickinson', 'Iure voluptates necessitatibus natus reiciendis minus rerum. Cumque perferendis architecto modi laborum est et corrupti. Quam ut similique nulla aut quaerat dolorem. Voluptate eos quaerat eius consequatur omnis.', 3, '2020-01-27 05:53:48', '2020-01-27 05:53:48'),
(135, 30, 'Prof. Erich Weissnat', 'Praesentium suscipit qui commodi quam. Qui ut maxime odit dolorum. Id et et perferendis iusto dicta aspernatur et.', 1, '2020-01-27 05:53:48', '2020-01-27 05:53:48'),
(136, 18, 'Dr. Napoleon Nicolas', 'Ducimus molestiae quae aut maxime. Vel dolore est est et. Hic quaerat suscipit ad fugiat. Earum rerum est non id numquam et.', 3, '2020-01-27 05:53:48', '2020-01-27 05:53:48'),
(137, 37, 'Mr. Floyd Roob', 'Suscipit repellat recusandae quia tempora exercitationem voluptates temporibus. Quis consequatur ad eius nobis atque harum dolor. Natus debitis voluptatem aut aut libero deserunt.', 3, '2020-01-27 05:53:48', '2020-01-27 05:53:48'),
(138, 18, 'Albin Graham', 'Aut labore fugiat deserunt et id voluptas. Molestias quo voluptas tenetur numquam. Aperiam doloremque eos vel eos.', 3, '2020-01-27 05:53:48', '2020-01-27 05:53:48'),
(139, 40, 'Kris Conn', 'Similique porro qui rerum quos atque vitae voluptatum. Adipisci eos velit perspiciatis praesentium totam non. Et iste quod ut reiciendis. Ut dignissimos et et animi.', 3, '2020-01-27 05:53:48', '2020-01-27 05:53:48'),
(140, 34, 'Asa Gleichner', 'Sed quia velit vitae sit animi quos dolorum. Ipsam aut repellendus quod eligendi asperiores iste est. Eligendi adipisci molestias reprehenderit est et. Sed facere sapiente odio animi voluptatem rem.', 5, '2020-01-27 05:53:48', '2020-01-27 05:53:48'),
(141, 25, 'Sonny Mayert Sr.', 'Molestiae et expedita quae quia eum et. Consequatur laborum quibusdam saepe omnis debitis sit. Dolorem molestiae maxime illum provident.', 2, '2020-01-27 05:53:48', '2020-01-27 05:53:48'),
(142, 17, 'Theresa Nader', 'Voluptatem iste neque voluptate eos perspiciatis. Aliquid voluptas possimus dolor quibusdam sit aliquid. Nisi incidunt autem et qui.', 2, '2020-01-27 05:53:48', '2020-01-27 05:53:48'),
(143, 29, 'Joshua Schmitt', 'Ut voluptatem facilis sit sunt qui. Placeat debitis exercitationem adipisci quo omnis. Reiciendis illo eaque cum et iusto quas. Autem animi praesentium non harum dolor.', 4, '2020-01-27 05:53:48', '2020-01-27 05:53:48'),
(144, 20, 'Abe Adams', 'Unde quis nihil quaerat reprehenderit atque corrupti quasi. Porro ipsa quae et dolores. Tenetur eaque beatae necessitatibus non ipsa voluptatem ut debitis. Ipsa veniam officiis voluptas.', 4, '2020-01-27 05:53:48', '2020-01-27 05:53:48'),
(145, 38, 'Electa Prosacco', 'Quas explicabo distinctio est excepturi iste quia quis. Enim voluptas ex unde soluta. Ducimus voluptates animi ut quo ipsa. Voluptatum fugiat id labore totam et.', 5, '2020-01-27 05:53:48', '2020-01-27 05:53:48'),
(146, 11, 'Blake Lindgren', 'Hic possimus accusantium sit. Officiis natus iste et et. Expedita et doloribus est ipsa nam. Voluptatem doloremque nam vel dolorem in deserunt dolores ad.', 0, '2020-01-27 05:53:48', '2020-01-27 05:53:48'),
(147, 8, 'Amina O\'Connell DDS', 'Neque cum qui accusantium voluptatibus nesciunt corporis. Cumque deserunt facere consequatur facere repellat autem voluptatem. Libero fugit quidem corporis suscipit mollitia ullam voluptas.', 0, '2020-01-27 05:53:48', '2020-01-27 05:53:48'),
(148, 27, 'Abe Senger II', 'Esse esse quia enim accusamus enim aliquam qui. Sequi laboriosam qui nemo ab perferendis totam qui. Sint odio iure et modi. Recusandae quibusdam quae cum iure. Possimus et rerum quod est voluptas.', 1, '2020-01-27 05:53:48', '2020-01-27 05:53:48'),
(149, 15, 'Keyon Anderson', 'Perspiciatis repudiandae rerum eligendi ipsum. Ea itaque molestias illo eius.', 0, '2020-01-27 05:53:48', '2020-01-27 05:53:48'),
(150, 49, 'Alivia Macejkovic', 'Et aut provident animi et non fugiat illum. Nam sed non nemo voluptatem provident et. Quis repudiandae maxime consectetur.', 0, '2020-01-27 05:53:48', '2020-01-27 05:53:48'),
(151, 30, 'Jameson Keeling', 'Id similique assumenda est eligendi. Ut qui quam provident nobis quis nostrum officiis. Aspernatur quo ipsam minus sunt laborum. Laboriosam et dolor non est voluptas rem.', 4, '2020-01-27 05:53:49', '2020-01-27 05:53:49'),
(152, 15, 'Ms. Shania Kertzmann II', 'Earum magni quae iusto molestiae rerum. Totam omnis quia qui corrupti ad. Eligendi blanditiis excepturi quod praesentium doloremque dignissimos est. Distinctio et nihil blanditiis dolor impedit beatae maxime.', 1, '2020-01-27 05:53:49', '2020-01-27 05:53:49'),
(153, 43, 'Mr. Ike Rutherford II', 'Eum dignissimos perspiciatis ut error. Quidem quidem quia iusto illum iusto. Quod et nulla officiis modi nemo distinctio est. Impedit totam porro eum occaecati qui sit. Dolores consequuntur maxime pariatur nostrum alias.', 4, '2020-01-27 05:53:49', '2020-01-27 05:53:49'),
(154, 26, 'Carleton Mante', 'Ullam sed vero quod nesciunt dolorum aliquid. Vel nihil molestias quia eum et. Eum voluptatem fuga molestiae laborum. Earum aspernatur natus quia cum veritatis illum.', 4, '2020-01-27 05:53:49', '2020-01-27 05:53:49'),
(155, 11, 'Prof. Jayden Bergstrom V', 'Voluptates nihil unde voluptas repellat quia. Incidunt cumque at itaque aperiam omnis labore atque et. Dolorem amet sint sit quae. Delectus veritatis quia qui aut explicabo.', 0, '2020-01-27 05:53:49', '2020-01-27 05:53:49'),
(156, 42, 'Heaven Schaefer', 'Labore omnis cum enim autem qui. Natus sed optio nam quia possimus corrupti. Aut quasi inventore ut qui distinctio libero.', 3, '2020-01-27 05:53:49', '2020-01-27 05:53:49'),
(157, 42, 'Micheal Gaylord', 'Voluptatem ipsa harum deserunt unde. Iste consequatur repellendus aut recusandae. Mollitia animi qui distinctio aut sunt dolores nemo.', 1, '2020-01-27 05:53:49', '2020-01-27 05:53:49'),
(158, 9, 'Josiane Huels', 'Qui qui voluptatibus voluptas et omnis facere vitae. Et rem ut et quidem. Ut iste eligendi consequatur dolorum dolores alias sunt.', 4, '2020-01-27 05:53:49', '2020-01-27 05:53:49'),
(159, 3, 'Haylie Hermiston', 'Rem nulla impedit ipsa velit. Autem nisi cupiditate nulla quis pariatur aut. Unde blanditiis dolores sit voluptas. Cupiditate quos consequatur ducimus voluptate aliquam.', 5, '2020-01-27 05:53:49', '2020-01-27 05:53:49'),
(160, 5, 'Alex Hagenes', 'Rerum labore ex sunt amet nihil. Beatae fugit quam quam sed maiores consequuntur. Commodi ut atque aut.', 2, '2020-01-27 05:53:49', '2020-01-27 05:53:49'),
(161, 9, 'Isom Mitchell PhD', 'Rem et illo qui et. Odit fugiat vel mollitia earum consequatur suscipit. Numquam facilis nihil officia.', 1, '2020-01-27 05:53:49', '2020-01-27 05:53:49'),
(162, 7, 'Mr. Art Mosciski Jr.', 'Explicabo fugiat ab optio error ut labore eum. Autem voluptatem assumenda magnam libero eum qui necessitatibus. Est atque unde aut dolore.', 4, '2020-01-27 05:53:49', '2020-01-27 05:53:49'),
(163, 43, 'Colt Nicolas', 'Sint temporibus voluptas facilis. Voluptatem rem sed occaecati nisi dolorem sunt voluptatum voluptatibus. Assumenda doloribus ut vero et libero placeat similique. Numquam quam qui fugit perspiciatis dolore aut.', 1, '2020-01-27 05:53:49', '2020-01-27 05:53:49'),
(164, 5, 'Mose Beahan', 'Qui unde dolores sed dolorem. Rerum corporis aliquid culpa vero quo autem sed. Quos aut reiciendis molestiae labore voluptatibus sed necessitatibus.', 3, '2020-01-27 05:53:49', '2020-01-27 05:53:49'),
(165, 39, 'Alba Daugherty', 'Et repudiandae soluta est. Velit fugiat eius exercitationem sit harum quibusdam. Enim autem id dolor repellat omnis.', 0, '2020-01-27 05:53:49', '2020-01-27 05:53:49'),
(166, 3, 'Gail Terry V', 'Laboriosam rerum sint quis esse rerum optio eaque rem. Omnis sed non quidem quibusdam voluptate modi quo.', 2, '2020-01-27 05:53:49', '2020-01-27 05:53:49'),
(167, 47, 'Garnet Kemmer', 'Doloribus adipisci odio est debitis. Sunt in fugit molestiae. Vero animi non non aliquam vel veritatis.', 2, '2020-01-27 05:53:49', '2020-01-27 05:53:49'),
(168, 33, 'Dejuan Schumm', 'Rerum ut blanditiis autem reiciendis maiores assumenda. Est sint animi sit sit. Magnam sed voluptatem expedita.', 0, '2020-01-27 05:53:49', '2020-01-27 05:53:49'),
(169, 27, 'Shawn Hagenes', 'Sint tempore consequatur reprehenderit. Dolor qui molestiae iste illum temporibus. Officia aut ea ut et quibusdam aut fugit velit.', 3, '2020-01-27 05:53:49', '2020-01-27 05:53:49'),
(170, 3, 'Lizzie Wilderman', 'Non accusantium ea sapiente delectus. Tenetur adipisci ut et cupiditate ut. Quo maxime nihil aliquam dolores quas. Velit quidem ut accusantium perspiciatis quae sit sed nulla. Harum sed nesciunt eveniet quod cumque.', 0, '2020-01-27 05:53:49', '2020-01-27 05:53:49'),
(171, 26, 'Blanca Mitchell', 'Alias voluptatem veniam error eum sit occaecati. Ipsum cupiditate hic sint maxime non. Ea iste quo libero voluptatum quo. Et corporis sit similique nostrum ducimus modi unde nihil.', 1, '2020-01-27 05:53:49', '2020-01-27 05:53:49'),
(172, 22, 'Brooke Hagenes MD', 'Explicabo facilis at omnis minima eum ut sit quod. Dolorum unde qui odit. Blanditiis sunt perspiciatis voluptatem. Voluptate ad omnis aliquid impedit odio impedit voluptas nemo.', 2, '2020-01-27 05:53:49', '2020-01-27 05:53:49'),
(173, 35, 'Kasandra Grant', 'Ea dignissimos perspiciatis et molestias in. Illo aut aut facere asperiores. Commodi nisi iusto illo magnam. Aut sapiente necessitatibus voluptatem suscipit quod non.', 0, '2020-01-27 05:53:50', '2020-01-27 05:53:50'),
(174, 38, 'Norene Donnelly', 'Enim sunt aliquid nobis et. Corrupti voluptatem ut quibusdam. Eum doloribus occaecati provident modi eius. Dolorem doloremque ad consequatur voluptatem ipsa iure suscipit quas.', 5, '2020-01-27 05:53:50', '2020-01-27 05:53:50'),
(175, 38, 'Mrs. Ila Treutel', 'Facere dolores iste quas sit commodi qui. Autem delectus assumenda natus nihil. Perferendis porro dolor velit rem sit aut eligendi.', 0, '2020-01-27 05:53:50', '2020-01-27 05:53:50'),
(176, 2, 'Santiago Ondricka Sr.', 'Cumque sit debitis illum adipisci minus architecto. Delectus incidunt qui minima voluptatem asperiores eum. Rem aliquam minus tempore magnam ut et. Est dolor nulla quis consectetur temporibus.', 0, '2020-01-27 05:53:50', '2020-01-27 05:53:50'),
(177, 25, 'Abbie Treutel PhD', 'Molestiae veniam molestiae asperiores mollitia quis tempora explicabo. Reiciendis exercitationem quis odit et error. Non debitis suscipit repellat nostrum adipisci officiis voluptatem. Numquam iure optio dolorem ut beatae sit reiciendis. Porro veniam quia nisi tenetur quia.', 2, '2020-01-27 05:53:50', '2020-01-27 05:53:50'),
(178, 34, 'Vidal Wolf', 'Nihil ducimus voluptate dolorum. Rem delectus enim doloremque voluptas. Possimus corrupti sed qui est inventore. Et aspernatur velit facere tenetur. Enim assumenda vitae asperiores impedit dolorum.', 4, '2020-01-27 05:53:50', '2020-01-27 05:53:50'),
(179, 14, 'Rusty Collins', 'Laboriosam nihil reiciendis dolorem voluptatibus consequatur. Consequatur maiores quisquam et optio. Itaque fugiat minus adipisci qui veritatis non. Quis est reiciendis ea.', 1, '2020-01-27 05:53:50', '2020-01-27 05:53:50'),
(180, 20, 'Karley Lebsack', 'Autem incidunt natus error sed repellat. Assumenda consequuntur enim rerum quasi recusandae voluptatibus quam. Accusantium sed est animi.', 4, '2020-01-27 05:53:50', '2020-01-27 05:53:50'),
(181, 36, 'Kellie Romaguera', 'Optio inventore molestias itaque est sit et. Nam consequatur eum numquam in vel enim. Est quia velit laudantium nihil deserunt veritatis et.', 0, '2020-01-27 05:53:50', '2020-01-27 05:53:50'),
(182, 29, 'Juvenal Harvey', 'Facere quia ad est nihil odit eum quis. Dolores impedit id odio veniam. Id sed aut exercitationem.', 5, '2020-01-27 05:53:50', '2020-01-27 05:53:50'),
(183, 27, 'Karen Sauer', 'In sit labore dolores ipsum sit necessitatibus et. Recusandae mollitia et ut eveniet sed laboriosam. Vel at sint quia debitis impedit tempora qui repellat. Aspernatur rerum dolorum veritatis impedit impedit magnam consequatur itaque.', 5, '2020-01-27 05:53:50', '2020-01-27 05:53:50'),
(184, 45, 'Wilma Durgan', 'Ut at deserunt molestias nemo similique et. Occaecati accusantium nihil fugit. Reprehenderit iusto suscipit vero pariatur ut quae. Fugiat consectetur quibusdam sunt deserunt omnis ut.', 4, '2020-01-27 05:53:50', '2020-01-27 05:53:50'),
(185, 46, 'Joshuah Parisian', 'Qui et aspernatur dignissimos ipsam at nihil expedita. Voluptatem voluptates labore nisi sit explicabo sit.', 0, '2020-01-27 05:53:50', '2020-01-27 05:53:50'),
(186, 8, 'Prof. Muriel Kunde', 'Suscipit eaque modi sint autem consequatur temporibus. Rerum aut in voluptatem. Minima quod aut consequatur dicta dolore vitae. Molestias aut consequuntur excepturi ratione. Qui maiores voluptas et.', 2, '2020-01-27 05:53:50', '2020-01-27 05:53:50'),
(187, 29, 'Dr. Leonardo Mertz', 'Corrupti aut atque nemo omnis dolorem. Vero eum voluptatem libero voluptatem. Et doloremque rerum omnis itaque. Consequatur mollitia illo qui eos.', 4, '2020-01-27 05:53:50', '2020-01-27 05:53:50'),
(188, 6, 'Pauline Dicki', 'Aliquam vel deserunt quia ipsam in. In rerum fugiat voluptatem doloremque consectetur. Veniam odio molestiae fuga accusantium id consequatur.', 2, '2020-01-27 05:53:50', '2020-01-27 05:53:50'),
(189, 45, 'Kathryn Muller PhD', 'Et tempora dolorum necessitatibus saepe. Id quia esse distinctio ex deleniti et est itaque. Architecto ea aut et optio minus. Velit sed tenetur ab est atque.', 0, '2020-01-27 05:53:50', '2020-01-27 05:53:50'),
(190, 27, 'Stefanie Littel', 'Iusto est inventore et. Quisquam esse et dolores.', 2, '2020-01-27 05:53:50', '2020-01-27 05:53:50'),
(191, 30, 'Margaretta McClure', 'Aliquam dolorum a nihil quasi odio quibusdam similique. Mollitia harum dolore et ipsum aut voluptatibus odio. Qui sit aut nobis ullam.', 4, '2020-01-27 05:53:51', '2020-01-27 05:53:51'),
(192, 4, 'Mr. Thaddeus Durgan', 'Fugit quis rerum fuga possimus voluptatem quibusdam repudiandae. Est at iusto necessitatibus magnam pariatur nihil culpa. Odit ad doloribus quam sit deleniti rerum qui. Voluptatem rerum sint aut placeat vel minus dolore quia.', 1, '2020-01-27 05:53:51', '2020-01-27 05:53:51'),
(193, 49, 'Ernestina Dooley', 'Quos veritatis maiores aut vel est repellat. Totam aut nesciunt quaerat aut fugiat distinctio consequuntur.', 3, '2020-01-27 05:53:51', '2020-01-27 05:53:51'),
(194, 42, 'Mrs. Princess Morissette', 'Animi reprehenderit et quos eos nostrum sunt. Itaque est rem sed est ut modi. Voluptate cupiditate quo ipsa voluptate nam facere.', 0, '2020-01-27 05:53:51', '2020-01-27 05:53:51'),
(195, 1, 'Alisa Oberbrunner', 'Hic doloribus in sed iure eos sint quasi. Magnam neque sequi iusto sit ducimus adipisci. Explicabo omnis dicta mollitia tempore. Officia odio et facere.', 3, '2020-01-27 05:53:51', '2020-01-27 05:53:51'),
(196, 33, 'Dr. Viva King', 'Velit sequi illum aut magnam ex. Quis voluptatem magni quisquam distinctio.', 5, '2020-01-27 05:53:51', '2020-01-27 05:53:51'),
(197, 18, 'Mrs. Adaline Conroy', 'Et veritatis ut nulla voluptas ea quibusdam. Enim et architecto officia excepturi impedit at eligendi. Veritatis dicta magni non.', 5, '2020-01-27 05:53:51', '2020-01-27 05:53:51'),
(198, 48, 'Weston Collins III', 'Est quasi nemo expedita harum quia enim tempore. Quisquam et impedit rerum doloribus placeat. Velit aut commodi eum veritatis sunt necessitatibus enim. Et et ratione totam quidem explicabo nesciunt. Dolorem alias voluptatum dicta eligendi.', 1, '2020-01-27 05:53:51', '2020-01-27 05:53:51'),
(199, 7, 'Edward Heller', 'Beatae voluptate et non maiores soluta a est. Placeat animi non aut commodi blanditiis blanditiis aut. Distinctio vel quo veritatis nisi quia dolorem odit. Et dolorem voluptas officiis recusandae. Sapiente consequuntur autem deserunt laboriosam explicabo laboriosam.', 1, '2020-01-27 05:53:51', '2020-01-27 05:53:51'),
(200, 41, 'Tyra Turner', 'Magnam sapiente itaque ratione nam. Tenetur quas quae quo rem. Ut dolor dolor dignissimos perferendis officia nam. Ut facere voluptatem sapiente vero. Soluta corrupti natus ipsum quibusdam ea rerum et non.', 5, '2020-01-27 05:53:51', '2020-01-27 05:53:51');

-- --------------------------------------------------------

--
-- Table structure for table `users`
--

CREATE TABLE `users` (
  `id` bigint(20) UNSIGNED NOT NULL,
  `name` varchar(191) COLLATE utf8mb4_unicode_ci NOT NULL,
  `email` varchar(191) COLLATE utf8mb4_unicode_ci NOT NULL,
  `email_verified_at` timestamp NULL DEFAULT NULL,
  `password` varchar(191) COLLATE utf8mb4_unicode_ci NOT NULL,
  `remember_token` varchar(100) COLLATE utf8mb4_unicode_ci DEFAULT NULL,
  `created_at` timestamp NULL DEFAULT NULL,
  `updated_at` timestamp NULL DEFAULT NULL
) ENGINE=InnoDB DEFAULT CHARSET=utf8mb4 COLLATE=utf8mb4_unicode_ci;

--
-- Indexes for dumped tables
--

--
-- Indexes for table `failed_jobs`
--
ALTER TABLE `failed_jobs`
  ADD PRIMARY KEY (`id`);

--
-- Indexes for table `migrations`
--
ALTER TABLE `migrations`
  ADD PRIMARY KEY (`id`);

--
-- Indexes for table `password_resets`
--
ALTER TABLE `password_resets`
  ADD KEY `password_resets_email_index` (`email`);

--
-- Indexes for table `products`
--
ALTER TABLE `products`
  ADD PRIMARY KEY (`id`);

--
-- Indexes for table `registers`
--
ALTER TABLE `registers`
  ADD PRIMARY KEY (`id`);

--
-- Indexes for table `reviews`
--
ALTER TABLE `reviews`
  ADD PRIMARY KEY (`id`),
  ADD KEY `reviews_product_id_index` (`product_id`);

--
-- Indexes for table `users`
--
ALTER TABLE `users`
  ADD PRIMARY KEY (`id`),
  ADD UNIQUE KEY `users_email_unique` (`email`);

--
-- AUTO_INCREMENT for dumped tables
--

--
-- AUTO_INCREMENT for table `failed_jobs`
--
ALTER TABLE `failed_jobs`
  MODIFY `id` bigint(20) UNSIGNED NOT NULL AUTO_INCREMENT;

--
-- AUTO_INCREMENT for table `migrations`
--
ALTER TABLE `migrations`
  MODIFY `id` int(10) UNSIGNED NOT NULL AUTO_INCREMENT, AUTO_INCREMENT=13;

--
-- AUTO_INCREMENT for table `products`
--
ALTER TABLE `products`
  MODIFY `id` bigint(20) UNSIGNED NOT NULL AUTO_INCREMENT, AUTO_INCREMENT=51;

--
-- AUTO_INCREMENT for table `registers`
--
ALTER TABLE `registers`
  MODIFY `id` bigint(20) UNSIGNED NOT NULL AUTO_INCREMENT;

--
-- AUTO_INCREMENT for table `reviews`
--
ALTER TABLE `reviews`
  MODIFY `id` bigint(20) UNSIGNED NOT NULL AUTO_INCREMENT, AUTO_INCREMENT=201;

--
-- AUTO_INCREMENT for table `users`
--
ALTER TABLE `users`
  MODIFY `id` bigint(20) UNSIGNED NOT NULL AUTO_INCREMENT;

--
-- Constraints for dumped tables
--

--
-- Constraints for table `reviews`
--
ALTER TABLE `reviews`
  ADD CONSTRAINT `reviews_product_id_foreign` FOREIGN KEY (`product_id`) REFERENCES `products` (`id`) ON DELETE CASCADE;
COMMIT;

/*!40101 SET CHARACTER_SET_CLIENT=@OLD_CHARACTER_SET_CLIENT */;
/*!40101 SET CHARACTER_SET_RESULTS=@OLD_CHARACTER_SET_RESULTS */;
/*!40101 SET COLLATION_CONNECTION=@OLD_COLLATION_CONNECTION */;
